{"cameraMode":{"drawMode":0,"name":"Shaded","section":"Shading Mode"},"sceneLighting":true,"audioPlay":false,"sceneViewState":{"m_AlwaysRefresh":false,"showFog":true,"showSkybox":true,"showFlares":true,"showImageEffects":true,"showParticleSystems":true,"showVisualEffectGraphs":true,"m_FxEnabled":true},"in2DMode":false,"pivot":{"x":-0.08018653094768524,"y":4.793783664703369,"z":-0.05311718210577965},"rotation":{"x":0.08494419604539871,"y":-0.10234131664037705,"z":0.008771673776209355,"w":0.991077721118927},"size":9.418275833129883,"orthographic":true}